{
    "categories":[
        {
            "id": 1,
            "name":"Quần"
        },
        {
            "id": 2,
            "name":"Áo"
        },
        {
            "id": 3,
            "name":"Giày"
        }
    ],
    "products":[
        {    
            "id": 1,
            "name":"Quần kaki",        
            "cate_id": 1,
            "price": 120000,
            "detail": "Kaki Basic với các gam màu trung tính chuẩn style Casual dễ phối dễ mặc",
            "image": "sp01.jpg"
        },
        {    
            "id": 2,
            "name":"Áo sơ mi",        
            "cate_id": 2,
            "price": 112000,
            "detail": "Lấy chất liệu Kaki làm chủ đạo",
            "image": "sp02.jpg"
        },
        {    
            "id": 3,
            "name":"Giày sneaker vải mesh",        
            "cate_id": 3,
            "price": 545000,
            "detail": "Chất liệu: Da nhân tạo phủ ánh kim và lưới",
            "image": "sp03.jpg"
        },
        {    
            "id": 4,
            "name":"Quần VOCKOO",        
            "cate_id": 1,
            "price": 215000,
            "detail": "Thật thoải mái Vải mềm mại. hình dáng đẹp. Chất lượng tốt",
            "image": "sp04.jpg"
        },
        {    
            "id": 5,
            "name":"Quần Baggy Denim SAIGONESE",        
            "cate_id": 1,
            "price": 199000,
            "detail": "Quần suông ống rộng lưng thun thoải mái năng động",
            "image": "sp05.jpg"
        },
        {    
            "id": 6,
            "name":"Áo polo Ngắn Tay Form Rộng",        
            "cate_id": 2,
            "price": 176000,
            "detail": "In Họa Tiết retro Thời Trang Dành Cho Nam",
            "image": "sp06.jpg"
        },
        {    
            "id": 7,
            "name":"Áo thun TEESHARKBUY",        
            "cate_id": 2,
            "price": 131000,
            "detail": "tay ngắn dáng rộng in chữ phong cách hip hop đường phố mỹ cá tính cho nam nữ",
            "image": "sp07.jpg"
        },
        {    
            "id": 8,
            "name":"Giày Thể Thao Jintoho",        
            "cate_id": 3,
            "price": 338000,
            "detail": "Giày Thể Thao Da Thời Trang Cho Nam",
            "image": "sp08.jpg"
        },
        {    
            "id": 9,
            "name":"Giày canvas IELGY",        
            "cate_id": 3,
            "price": 239000,
            "detail": "Giày canvas IELGY cổ cao buộc dây phong cách Hàn Quốc cá tính cho nữ",
            "image": "sp09.jpg"
        },
        {    
            "id": 10,
            "name":"Quần short nam",        
            "cate_id": 1,
            "price": 119000,
            "detail": "Quần short chất đũi là loại quần được làm từ chất liệu đũi cao cấp",
            "image": "sp10.jpg"
        },
        {    
            "id": 11,
            "name":"Áo phông nam xanh BEEYANBUY",        
            "cate_id": 2,
            "price": 129000,
            "detail": "áo thun basic tay lỡ in hình con vịt nhỏ unisex ulzzang 100% cotton-A2502",
            "image": "sp11.jpg"
        },
        {    
            "id": 12,
            "name":"GEWENNI giày thể thao nữ ",        
            "cate_id": 3,
            "price": 399000,
            "detail": "Thoáng khí thời trang 2023 dành cho nữ FYD23A13RH 44Z231031",
            "image": "sp12.jpg"
        }
    ],
    "orders": [
        {
          "id": 1,
          "customer_name": "Lâm Chí Thoại",
          "customer_address": "Sóc Trăng",
          "customer_email": "thoai2223@gmail.com",
          "customer_phone_number": "0378348472",
          "created_date": "2024-01-19",
          "status": "Đang chờ thanh toán"
        },
        {
            "id": 2,
            "customer_name": "Phan Văn Phúc",
            "customer_address": "An Giang",
            "customer_email": "Phucpvpc06866@fpt.edu.vn",
            "customer_phone_number": "0987776651",
            "created_date": "2024-01-19",
            "status": "Hủy thanh toán"
          },
          {
            "id": 1,
            "customer_name": "Nguyễn Văn Tùng",
            "customer_address": "Bạc Liêu",
            "customer_email": "tungnguyen120@gmail.com  ",
            "customer_phone_number": "0727665210",
            "created_date": "2024-01-19",
            "status": "Đã thanh toán"
          }
        ],
    "order_details": [
        {
          "order_id": 1,
          "product_id": 1,
          "quantity": 2,
          "unit_price": 240000  
        },
        {
            "order_id": 2,
            "product_id": 4,
            "quantity": 1,
            "unit_price": 215000  
        },
        {
            "order_id": 3,
            "product_id": 6,
            "quantity": 3,
            "unit_price": 528000
        }
    ]
}